OID,rte.name,route.type,ecs,year,num.col,rte.km,col.km,aircraft,pilot,speed,observer1,observer2,obs.type,flt.cond,1st.yr.pilot,1st.yr.obs
1,Blackduck,Waterway,N_sup_upland,1975,123,111.989,1.098,Cessna 180,Hodge,2,Breyen,NA,single,good,no,no
2,Blackduck,Waterway,N_sup_upland,1976,85,111.989,0.759,Cessna 172,Wilderness_wings,1,Breyen,NA,single,good,yes,no
3,Blackduck,Waterway,N_sup_upland,1977,108,111.989,0.964,Cessna 172,Wilderness_wings,1,Breyen,NA,single,good,no,no
4,Blackduck,Waterway,N_sup_upland,1978,134,111.989,1.197,Cessna 180,Glaser,1,Breyen,NA,single,good,yes,no
5,Blackduck,Waterway,N_sup_upland,1979,114,111.989,1.018,Cessna 172,Wilderness_wings,1,Breyen,Kanz,double,good,no,no
6,Blackduck,Waterway,N_sup_upland,1980,95,111.989,0.848,Cessna 150,Ross,1,Breyen,NA,single,good,yes,no
7,Blackduck,Waterway,N_sup_upland,1981,106,111.989,0.947,Cessna 150,Taconite,1,Breyen,NA,single,good,yes,no
8,Blackduck,Waterway,N_sup_upland,1982,79,111.989,0.705,Cessna 185,Ross,1,Lightfoot,NA,single,good,no,yes
9,Blackduck,Waterway,N_sup_upland,1983,62,111.989,0.554,Cessna 172,Taconite,1,Lightfoot,NA,single,good,no,no
10,Blackduck,Waterway,N_sup_upland,1984,105,111.989,0.938,Cessna 185,Ross,1,Lightfoot,NA,single,good,no,no
11,Blackduck,Waterway,N_sup_upland,1985,133,111.989,1.188,Cessna 185,Ross,1,Lightfoot,NA,single,NA,no,no
12,Blackduck,Waterway,N_sup_upland,1986,NA,111.989,NA,NA,NA,NA,NA,NA,NA,NA,NA,NA
13,Blackduck,Waterway,N_sup_upland,1987,73,111.989,0.652,Cessna 185,Ross,2,Lightfoot,Caron,double,good,no,no
14,Blackduck,Waterway,N_sup_upland,1988,104,111.989,0.929,Cessna 185,Ross,NA,Lightfoot,Kotts,double,fair,no,no
15,Blackduck,Waterway,N_sup_upland,1989,NA,111.989,NA,NA,NA,NA,NA,NA,NA,NA,NA,NA
16,Blackduck,Waterway,N_sup_upland,1990,108,111.989,0.964,NA,NA,NA,NA,NA,NA,NA,NA,NA
17,Blackduck,Waterway,N_sup_upland,1991,NA,111.989,NA,NA,NA,NA,NA,NA,NA,NA,NA,NA
18,Blackduck,Waterway,N_sup_upland,1992,135,111.989,1.205,Cessna 185,Ross,NA,Lightfoot,NA,single,good,no,no
19,C_st_louis,Mixed,N_sup_upland,1975,154,227.272,0.678,Cessna 180,Hodge,1,Thunhorst,NA,single,good,no,no
20,C_st_louis,Mixed,N_sup_upland,1976,NA,227.272,NA,NA,NA,NA,NA,NA,NA,NA,NA,NA
21,C_st_louis,Mixed,N_sup_upland,1977,NA,227.272,NA,NA,NA,NA,NA,NA,NA,NA,NA,NA
22,C_st_louis,Mixed,N_sup_upland,1978,128,227.272,0.563,Cessna 180,Glaser,1,Thunhorst,NA,single,good,yes,no
23,C_st_louis,Mixed,N_sup_upland,1979,119,227.272,0.524,Cessna 172,Wilderness_wings,1,Thunhorst,NA,single,fair,yes,no
24,C_st_louis,Mixed,N_sup_upland,1980,112,227.272,0.493,Cessna 172,Magie,1,Thunhorst,NA,single,good,yes,no
25,C_st_louis,Mixed,N_sup_upland,1981,119,227.272,0.524,Cessna 172,Katauskas,1,Thunhorst,Litchfield,double,good,yes,no
26,C_st_louis,Mixed,N_sup_upland,1982,81,227.272,0.356,Cessna 185,Ross,2,Thunhorst,Litchfield,double,fair,yes,no
27,C_st_louis,Mixed,N_sup_upland,1983,99,227.272,0.436,Cessna 185,Ross,2,Thunhorst,Litchfield,double,good,no,no
28,C_st_louis,Mixed,N_sup_upland,1984,71,227.272,0.312,Cessna 185,Ross,1,Litchfield,Wilson,double,fair,no,no
29,C_st_louis,Mixed,N_sup_upland,1985,131,227.272,0.576,Cessna 185,Ross,2,Thunhorst,Litchfield,double,fair,no,no
30,C_st_louis,Mixed,N_sup_upland,1986,NA,227.272,NA,NA,NA,NA,NA,NA,NA,NA,NA,NA
31,C_st_louis,Mixed,N_sup_upland,1987,128,227.272,0.563,Cessna 185,Ross,2,Thunhorst,Litchfield,double,fair,no,no
32,C_st_louis,Mixed,N_sup_upland,1988,NA,227.272,NA,NA,NA,NA,NA,NA,NA,NA,NA,NA
33,C_st_louis,Mixed,N_sup_upland,1989,104,227.272,0.458,Cessna 185,Ross,2,Thunhorst,Litchfield,double,good,no,no
34,C_st_louis,Mixed,N_sup_upland,1990,101,227.272,0.444,NA,NA,NA,NA,NA,NA,NA,NA,NA
35,C_st_louis,Mixed,N_sup_upland,1991,140,227.272,0.616,Beaver,McHenry,2,Thunhorst,Litchfield,double,good,yes,no
36,C_st_louis,Mixed,N_sup_upland,1992,128,227.272,0.563,Cessna 185,Ross,1,Thunhorst,NA,single,good,no,no
37,C_st_louis,Mixed,N_sup_upland,1993,122,227.272,0.537,Cessna 185,Ross,1,Thunhorst,Litchfield,double,good,no,no
38,C_st_louis,Mixed,N_sup_upland,1994,133,227.272,0.585,Cessna 185,Erickson,1,Thunhorst,Litchfield,double,good,yes,no
39,C_st_louis,Mixed,N_sup_upland,1995,111,227.272,0.488,Beaver,Lee,1,Thunhorst,Litchfield,double,good,yes,no
40,C_st_louis,Mixed,N_sup_upland,1996,110,227.272,0.484,Cessna 185,Buchert,1,Thunhorst,NA,single,good,yes,no
41,C_st_louis,Mixed,N_sup_upland,1997,128,227.272,0.563,Cessna 185,Buchert,1,Thunhorst,Litchfield,double,good,no,no
42,C_st_louis,Mixed,N_sup_upland,1998,123,227.272,0.541,Cessna 185,Buchert,1,Thunhorst,NA,single,good,no,no
43,C_st_louis,Mixed,N_sup_upland,1999,103,227.272,0.453,Cessna 182,Carpenter,1,Thunhorst,NA,single,good,yes,no
44,C_st_louis,Mixed,N_sup_upland,2000,NA,227.272,NA,NA,NA,NA,NA,NA,NA,NA,NA,NA
45,C_st_louis,Mixed,N_sup_upland,2001,87,227.272,0.383,Cessna 185,Buchert,NA,Litchfield,NA,single,good,no,no
46,C_st_louis,Mixed,N_sup_upland,2002,85,227.272,0.374,Cessna 185,Buchert,NA,Litchfield,NA,single,good,no,no
47,Cass,Waterway,Drift_plains,1975,80,176.007,0.455,Cetabra 150,Johnson,1,Soule,NA,single,good,no,no
48,Cass,Waterway,Drift_plains,1976,57,176.007,0.324,Cessna 172,Scott,1,Soule,NA,single,fair,yes,no
49,Cass,Waterway,Drift_plains,1977,83,176.007,0.472,Cessna 180,Glaser,1,Pierce,NA,single,good,yes,yes
50,Cass,Waterway,Drift_plains,1978,103,176.007,0.585,Cessna 180,Glaser,1,Pierce,NA,single,good,no,no
51,Cass,Waterway,Drift_plains,1979,100,176.007,0.568,Cessna 185,Glaser,1,Pierce,NA,single,fair,no,no
52,Cass,Waterway,Drift_plains,1980,95,176.007,0.54,Cessna 185,Glaser,1,Pierce,Loegering,double,fair,no,no
53,Cass,Waterway,Drift_plains,1981,53,176.007,0.301,Cessna 185,Ross,1,Pierce,Loegering,double,fair,yes,no
54,Cass,Waterway,Drift_plains,1982,63,176.007,0.358,Cessna 185,Ross,1,Pierce,NA,single,fair,no,no
55,Cass,Waterway,Drift_plains,1983,89,176.007,0.506,Sky Hawk II,Young,2,Pierce,NA,single,good,yes,no
56,Cass,Waterway,Drift_plains,1984,99,176.007,0.562,Cessna 185,Ross,2,Pierce,Bengtson,double,good,no,no
57,Cass,Waterway,Drift_plains,1985,123,176.007,0.699,Cessna 185,Ross,2,Bengston,NA,single,good,no,no
58,Cass,Waterway,Drift_plains,1986,NA,176.007,NA,NA,NA,NA,NA,NA,NA,NA,NA,NA
59,Cass,Waterway,Drift_plains,1987,59,176.007,0.335,Super Cub,Carpenter,1,Pierce,NA,single,good,yes,no
60,Cass,Waterway,Drift_plains,1988,77,176.007,0.437,Cessna 185,Ross,2,Pierce,NA,single,good,no,no
61,Cass,Waterway,Drift_plains,1989,84,176.007,0.477,Cessna 185,Ross,2,Pierce,NA,single,fair,no,no
62,Cass,Waterway,Drift_plains,1990,98,176.007,0.557,NA,NA,NA,NA,NA,NA,NA,NA,NA
63,Cass,Waterway,Drift_plains,1991,116,176.007,0.659,Super Cub,Erickson,1,Pierce,NA,single,good,yes,no
64,Cass,Waterway,Drift_plains,1992,162,176.007,0.92,Piper Cub,Erickson,1,Pierce,NA,single,good,no,no
65,Cass,Waterway,Drift_plains,1993,114,176.007,0.648,Cessna 185,Ross,2,Pierce,NA,single,good,no,no
66,Cass,Waterway,Drift_plains,1994,100,176.007,0.568,Cessna 185,Ross,2,Pierce,NA,single,fair,no,no
67,Cass,Waterway,Drift_plains,1995,82,176.007,0.466,Cessna 185,Erickson,2,Pierce,NA,single,good,no,no
68,Cass,Waterway,Drift_plains,1996,79,176.007,0.449,Cessna 185,Buchert,2,Pierce,NA,single,fair,yes,no
69,Cass,Waterway,Drift_plains,1997,80,176.007,0.455,Cessna 185,Buchert,2,Pierce,NA,single,fair,no,no
70,Cass,Waterway,Drift_plains,1998,98,176.007,0.557,Cessna 185,Buchert,2,Pierce,NA,single,good,no,no
71,Cass,Waterway,Drift_plains,1999,66,176.007,0.375,Cessna 185,Buchert,2,Pierce,NA,single,good,no,no
72,Cass,Waterway,Drift_plains,2000,33,176.007,0.187,Cessna 185,Buchert,2,Pierce,NA,single,good,no,no
73,Cass,Waterway,Drift_plains,2001,80,176.007,0.455,Cessna 185,Buchert,2,Pierce,NA,single,good,no,no
74,Cass,Waterway,Drift_plains,2002,60,176.007,0.341,Cessna 185,Buchert,2,Pierce,NA,single,good,no,no
75,Cass_crow,Waterway,Drift_plains,1975,124,286.346,0.433,Cessna 172,Engelbrecht,2,Drotts,NA,single,good,no,no
76,Cass_crow,Waterway,Drift_plains,1976,80,286.346,0.279,Cessna 172,Engelbrecht,2,Drotts,Finch,double,fair,no,no
77,Cass_crow,Waterway,Drift_plains,1977,109,286.346,0.381,Super Cub,Engelbrecht,1,Drotts,Engelbrecht,double,good,no,no
78,Cass_crow,Waterway,Drift_plains,1978,129,286.346,0.451,Super Cub,Engelbrecht,1,Drotts,NA,single,good,no,no
79,Cass_crow,Waterway,Drift_plains,1979,125,286.346,0.437,Super Cub,Engelbrecht,1,Drotts,NA,single,fair,no,no
80,Cass_crow,Waterway,Drift_plains,1980,142,286.346,0.496,Super Cub,Engelbrecht,1,Drotts,NA,single,good,no,no
81,Cass_crow,Waterway,Drift_plains,1981,112,286.346,0.391,Super Cub,Engelbrecht,1,Drotts,NA,single,poor,no,no
82,Cass_crow,Waterway,Drift_plains,1982,135,286.346,0.471,Super Cub,Engelbrecht,1,Drotts,NA,single,good,no,no
83,Cass_crow,Waterway,Drift_plains,1983,124,286.346,0.433,Super Cub,Engelbrecht,1,Drotts,NA,single,good,no,no
84,Cass_crow,Waterway,Drift_plains,1984,139,286.346,0.485,Super Cub,Engelbrecht,1,Drotts,NA,single,poor,no,no
85,Cass_crow,Waterway,Drift_plains,1985,NA,286.346,NA,NA,Engelbrecht,1,NA,NA,NA,NA,no,NA
86,Cass_crow,Waterway,Drift_plains,1986,127,286.346,0.444,Super Cub,Engelbrecht,1,Drotts,NA,single,good,no,no
87,Cass_crow,Waterway,Drift_plains,1987,118,286.346,0.412,Super Cub,Carpenter,1,Drotts,NA,single,fair,yes,no
88,Cass_crow,Waterway,Drift_plains,1988,140,286.346,0.489,Cessna 185,Stoltman,1,Anderson,NA,single,fair,yes,yes
89,Cass_crow,Waterway,Drift_plains,1989,163,286.346,0.569,Cessna 185,Stoltman,1,Simon,NA,single,fair,no,yes
90,Cass_crow,Waterway,Drift_plains,1990,159,286.346,0.555,NA,NA,NA,NA,NA,NA,NA,NA,NA
91,Cass_crow,Waterway,Drift_plains,1991,175,286.346,0.611,Cessna 185,Stoltman,1,Anderson,NA,single,good,no,no
92,Cass_crow,Waterway,Drift_plains,1992,161,286.346,0.562,Cessna 185,Stoltman,1,Anderson,NA,single,good,no,no
93,Cass_crow,Waterway,Drift_plains,1993,127,286.346,0.444,Cessna 185,Stoltman,1,Anderson,NA,single,good,no,no
94,Cass_crow,Waterway,Drift_plains,1994,141,286.346,0.492,Cessna 185,Stoltman,1,Anderson,NA,single,good,no,no
95,Cass_crow,Waterway,Drift_plains,1995,119,286.346,0.416,NA,Stoltman,NA,Anderson,NA,single,good,no,no
96,Cass_crow,Waterway,Drift_plains,1996,114,286.346,0.398,NA,Stoltman,NA,Anderson,NA,single,good,no,no
97,Cass_crow,Waterway,Drift_plains,1997,100,286.346,0.349,Cessna 185,Stoltman,1,Anderson,NA,single,good,no,no
98,Cass_crow,Waterway,Drift_plains,1998,118,286.346,0.412,Cessna 185,Stoltman,1,Stoltman,NA,single,good,no,yes
99,Cass_crow,Waterway,Drift_plains,1999,130,286.346,0.454,NA,NA,NA,NA,NA,NA,NA,NA,NA
100,Cass_crow,Waterway,Drift_plains,2000,148,286.346,0.517,Cessna 185,Stoltman,1,Stoltman,NA,single,good,no,no
101,Cass_crow,Waterway,Drift_plains,2001,129,286.346,0.451,Cessna 185,Trenholm,1,Drotts,NA,single,good,yes,no
102,Cass_crow,Waterway,Drift_plains,2002,136,286.346,0.475,NA,NA,NA,NA,NA,NA,NA,NA,NA
103,Ely_finger,Waterway,N_sup_upland,1975,174,156.606,1.111,Cessna 180,Hodge,1,Thunhorst,NA,single,good,no,no
104,Ely_finger,Waterway,N_sup_upland,1976,NA,156.606,NA,NA,NA,NA,NA,NA,NA,NA,NA,NA
105,Ely_finger,Waterway,N_sup_upland,1977,133,156.606,0.849,Cessna 180,Glaser,1,Thunhorst,NA,single,good,yes,no
106,Ely_finger,Waterway,N_sup_upland,1978,149,156.606,0.951,Cessna 180,Glaser,1,Thunhorst,NA,single,good,no,no
107,Ely_finger,Waterway,N_sup_upland,1979,118,156.606,0.753,Cessna 172,Wilderness_wings,1,Thunhorst,NA,single,fair,yes,no
108,Ely_finger,Waterway,N_sup_upland,1980,100,156.606,0.639,Cessna 172,Magie,1,Thunhorst,NA,single,good,yes,no
109,Ely_finger,Waterway,N_sup_upland,1981,92,156.606,0.587,Cessna 172,Katauskas,1,Thunhorst,Litchfield,double,good,yes,no
110,Ely_finger,Waterway,N_sup_upland,1982,110,156.606,0.702,Cessna 185,Ross,2,Thunhorst,Litchfield,double,fair,yes,no
111,Ely_finger,Waterway,N_sup_upland,1983,124,156.606,0.792,Cessna 185,Ross,2,Thunhorst,Litchfield,double,good,no,no
112,Ely_finger,Waterway,N_sup_upland,1984,96,156.606,0.613,Cessna 185,Ross,1,Litchfield,Deitz,double,good,no,no
113,Ely_finger,Waterway,N_sup_upland,1985,120,156.606,0.766,Cessna 185,Ross,2,Thunhorst,Litchfield,double,fair,no,no
114,Ely_finger,Waterway,N_sup_upland,1986,NA,156.606,NA,NA,NA,NA,NA,NA,NA,NA,NA,NA
115,Ely_finger,Waterway,N_sup_upland,1987,94,156.606,0.6,Cessna 185,Ross,2,Thunhorst,Litchfield,double,fair,no,no
116,Ely_finger,Waterway,N_sup_upland,1988,116,156.606,0.741,Cessna 185,Ross,1,Thunhorst,Litchfield,double,fair,no,no
117,Ely_finger,Waterway,N_sup_upland,1989,NA,156.606,NA,NA,Ross,2,NA,NA,NA,NA,no,NA
118,Ely_finger,Waterway,N_sup_upland,1990,113,156.606,0.722,NA,NA,NA,NA,NA,NA,NA,NA,NA
119,Ely_finger,Waterway,N_sup_upland,1991,157,156.606,1.003,Beaver,McHenry,2,Thunhorst,Litchfield,double,good,yes,no
120,Ely_finger,Waterway,N_sup_upland,1992,127,156.606,0.811,Cessna 185,Ross,1,Thunhorst,Gessler,double,good,no,no
121,Ely_finger,Waterway,N_sup_upland,1993,132,156.606,0.843,Cessna 185,Ross,1,Thunhorst,Litchfield,double,good,no,no
122,Ely_finger,Waterway,N_sup_upland,1994,143,156.606,0.913,Cessna 185,Erickson,1,Thunhorst,Litchfield,double,good,yes,no
123,Ely_finger,Waterway,N_sup_upland,1995,138,156.606,0.881,Beaver,Lee,1,Thunhorst,Litchfield,double,good,yes,no
124,Ely_finger,Waterway,N_sup_upland,1996,78,156.606,0.498,Cessna 185,Buchert,1,Thunhorst,NA,single,good,yes,no
125,Ely_finger,Waterway,N_sup_upland,1997,128,156.606,0.817,Cessna 185,Buchert,NA,Thunhorst,Litchfield,double,good,no,no
126,Ely_finger,Waterway,N_sup_upland,1998,121,156.606,0.773,Cessna 185,Buchert,1,Thunhorst,NA,single,good,no,no
127,Ely_finger,Waterway,N_sup_upland,1999,80,156.606,0.511,Cessna 182,Carpenter,1,Thunhorst,NA,single,good,yes,no
128,Ely_finger,Waterway,N_sup_upland,2000,NA,156.606,NA,NA,NA,NA,NA,NA,NA,NA,NA,NA
129,Ely_finger,Waterway,N_sup_upland,2001,72,156.606,0.46,Cessna 185,Buchert,NA,Thunhorst,NA,single,good,no,no
130,Ely_finger,Waterway,N_sup_upland,2002,81,156.606,0.517,Cessna 185,Buchert,NA,Litchfield,NA,single,good,no,no
131,Hay_kelliher,Mixed,Peatlands,1975,67,182.614,0.367,Cessna 180,Parker,2,Bernhoft,NA,single,fair,no,no
132,Hay_kelliher,Mixed,Peatlands,1976,64,182.614,0.35,Cessna 180,Parker,2,Bernhoft,NA,single,fair,no,no
133,Hay_kelliher,Mixed,Peatlands,1977,85,182.614,0.465,Cessna 180,Parker,1,Bernhoft,NA,single,good,no,no
134,Hay_kelliher,Mixed,Peatlands,1978,61,182.614,0.334,Cessna 180,Parker,1,Bernhoft,NA,single,good,no,no
135,Hay_kelliher,Mixed,Peatlands,1979,NA,182.614,NA,NA,NA,NA,NA,NA,NA,NA,NA,NA
136,Hay_kelliher,Mixed,Peatlands,1980,60,182.614,0.329,Cessna 185,Parker,1,Bernhoft,NA,single,fair,no,no
137,Hay_kelliher,Mixed,Peatlands,1981,66,182.614,0.361,Cessna 185,Parker,1,Bernhoft,NA,single,fair,no,no
138,Hay_kelliher,Mixed,Peatlands,1982,96,182.614,0.526,Cessna 185,Ross,1,Breyen,Killian,double,good,yes,yes
139,Hay_kelliher,Mixed,Peatlands,1983,76,182.614,0.416,Cessna 185,Peterson,2,Breyen,NA,single,good,yes,no
140,Hay_kelliher,Mixed,Peatlands,1984,NA,182.614,NA,NA,NA,NA,NA,NA,NA,NA,NA,NA
141,Hay_kelliher,Mixed,Peatlands,1985,NA,182.614,NA,NA,NA,NA,NA,NA,NA,NA,NA,NA
142,Hay_kelliher,Mixed,Peatlands,1986,NA,182.614,NA,NA,NA,NA,NA,NA,NA,NA,NA,NA
143,Hay_kelliher,Mixed,Peatlands,1987,68,182.614,0.372,Cessna 185,Peterson,1,Breyen,Haws,double,good,no,no
144,Hay_kelliher,Mixed,Peatlands,1988,68,182.614,0.372,Cessna 185,Peterson,1,Haws,NA,single,fair,no,no
145,Hay_kelliher,Mixed,Peatlands,1989,77,182.614,0.422,Cessna 185,Peterson,1,Haws,NA,single,fair,no,no
146,Hay_kelliher,Mixed,Peatlands,1990,63,182.614,0.345,NA,NA,NA,NA,NA,NA,NA,NA,NA
147,Hay_kelliher,Mixed,Peatlands,1991,80,182.614,0.438,Cessna 185,Peterson,1,Haws,NA,single,fair,no,no
148,Hay_kelliher,Mixed,Peatlands,1992,107,182.614,0.586,Cessna 185,Peterson,1,Haws,NA,single,fair,no,no
149,Hay_kelliher,Mixed,Peatlands,1993,116,182.614,0.635,Piper Cub,Buchert,1,Haws,NA,single,fair,yes,no
150,Hay_kelliher,Mixed,Peatlands,1994,50,182.614,0.274,Piper Cub,Buchert,1,Haws,NA,single,fair,no,no
151,Hay_kelliher,Mixed,Peatlands,1995,88,182.614,0.482,Cessna 185,Heineman,1,Haws,NA,single,fair,yes,no
152,Hay_kelliher,Mixed,Peatlands,1996,69,182.614,NA,NA,NA,NA,NA,NA,single,good,NA,no
153,Hay_kelliher,Mixed,Peatlands,1997,69,182.614,0.378,Super Cub,Coyour,1,Haws,NA,single,good,yes,no
154,Hay_kelliher,Mixed,Peatlands,1998,52,182.614,0.285,Cessna 185,Heineman,1,Haws,NA,single,good,no,no
155,Hay_kelliher,Mixed,Peatlands,1999,85,182.614,0.465,Cessna 185,Heineman,1,Caron,NA,single,good,no,yes
156,Hay_kelliher,Mixed,Peatlands,2000,55,182.614,0.301,Cessna 182,Trenholm,1,Caron,NA,single,good,yes,no
157,Hay_kelliher,Mixed,Peatlands,2001,58,182.614,0.318,Cessna 185,Murray,1,Haws,NA,single,good,yes,no
158,Itasca,Waterway,Drift_plains,1975,96,196.932,0.487,Cetabra 150,Johnson,1,Soule,NA,single,good,no,no
159,Itasca,Waterway,Drift_plains,1976,73,196.932,0.371,Cessna 172,Scott,1,Soule,NA,single,fair,yes,no
160,Itasca,Waterway,Drift_plains,1977,89,196.932,0.452,Cessna 180,Glaser,1,Pierce,NA,single,fair,yes,yes
161,Itasca,Waterway,Drift_plains,1978,125,196.932,0.635,Cessna 180,Glaser,1,Pierce,NA,single,good,no,no
162,Itasca,Waterway,Drift_plains,1979,79,196.932,0.401,Cessna 185,Glaser,1,Pierce,NA,single,fair,no,no
163,Itasca,Waterway,Drift_plains,1980,76,196.932,0.386,Cessna 185,Glaser,1,Pierce,Loegering,double,fair,no,no
164,Itasca,Waterway,Drift_plains,1981,57,196.932,0.289,Cessna 185,Ross,1,Pierce,Loegering,double,fair,yes,no
165,Itasca,Waterway,Drift_plains,1982,51,196.932,0.259,Cessna 185,Ross,1,Pierce,NA,single,fair,no,no
166,Itasca,Waterway,Drift_plains,1983,68,196.932,0.345,Sky Hawk II,Young,2,Pierce,NA,single,good,yes,no
167,Itasca,Waterway,Drift_plains,1984,61,196.932,0.31,Cessna 185,Ross,2,Pierce,NA,single,fair,no,no
168,Itasca,Waterway,Drift_plains,1985,80,196.932,0.406,Cessna 185,Ross,2,Pierce,Bengtson,double,good,no,no
169,Itasca,Waterway,Drift_plains,1986,NA,196.932,NA,NA,NA,NA,NA,NA,NA,NA,NA,NA
170,Itasca,Waterway,Drift_plains,1987,NA,196.932,NA,NA,NA,NA,NA,NA,NA,NA,NA,NA
171,Itasca,Waterway,Drift_plains,1988,57,196.932,0.289,Cessna 185,Ross,2,Pierce,NA,single,fair,no,no
172,Itasca,Waterway,Drift_plains,1989,67,196.932,0.34,Cessna 185,Ross,2,Pierce,NA,single,fair,no,no
173,Itasca,Waterway,Drift_plains,1990,54,196.932,0.274,NA,NA,NA,NA,NA,NA,NA,NA,NA
174,Itasca,Waterway,Drift_plains,1991,110,196.932,0.559,Super Cub,Erickson,1,Pierce,NA,single,good,yes,no
175,Itasca,Waterway,Drift_plains,1992,131,196.932,0.665,Piper Cub,Erickson,1,Pierce,NA,single,good,no,no
176,Kabetogama,Transect,N_sup_upland,1975,124,94.079,1.318,Piper J3,Barrett,1,Schneeweis,NA,single,good,no,no
177,Kabetogama,Transect,N_sup_upland,1976,134,94.079,1.424,Piper Cub,Botiman,1,Schneeweis,NA,single,fair,yes,no
178,Kabetogama,Transect,N_sup_upland,1977,120,94.079,1.276,Super Cub,Barrett,1,Schneeweis,NA,single,good,no,no
179,Kabetogama,Transect,N_sup_upland,1978,163,94.079,1.733,Super Cub,Barrett,1,Schneeweis,NA,single,good,no,no
180,Kabetogama,Transect,N_sup_upland,1979,171,94.079,1.818,Cessna 150,Barrett,1,Schneeweis,NA,single,good,no,no
181,Kabetogama,Transect,N_sup_upland,1980,141,94.079,1.499,Cessna 150,Barrett,1,Schneeweis,NA,single,good,no,no
182,Kabetogama,Transect,N_sup_upland,1981,199,94.079,2.115,Cessna 150,Barrett,1,Schneeweis,NA,single,good,no,no
183,Kabetogama,Transect,N_sup_upland,1982,149,94.079,1.584,Cessna 180,Ross,1,Schneeweis,Swendsen,double,good,yes,no
184,Kabetogama,Transect,N_sup_upland,1983,162,94.079,1.722,Cessna 185,Ross,1,Schneeweis,Lorette,double,fair,no,no
185,Kabetogama,Transect,N_sup_upland,1984,185,94.079,1.966,Cessna 185,Ross,1,Schneeweis,Swendsen,double,fair,no,no
186,Kabetogama,Transect,N_sup_upland,1985,164,94.079,1.743,Cessna 185,Ross,1,Schneeweis,Lorette,double,fair,no,no
187,Kabetogama,Transect,N_sup_upland,1986,162,94.079,1.722,Cessna 185,Ross,2,Swendsen,Lorette,double,fair,no,no
188,Kabetogama,Transect,N_sup_upland,1987,167,94.079,1.775,Cessna 185,Ross,NA,Swendsen,Lorette,double,good,no,no
189,Kabetogama,Transect,N_sup_upland,1988,164,94.079,1.743,Cessna 185,Ross,1,Schneeweis,Swendsen,double,good,no,no
190,Kabetogama,Transect,N_sup_upland,1989,162,94.079,1.722,Cessna 185,Ross,1,Schneeweis,Swendsen,double,fair,no,no
191,Kabetogama,Transect,N_sup_upland,1990,168,94.079,1.786,NA,NA,NA,NA,NA,NA,NA,NA,NA
192,Kabetogama,Transect,N_sup_upland,1991,145,94.079,1.541,Cessna 185,Ross,1,Swendsen,Lorette,double,good,no,no
193,Kabetogama,Transect,N_sup_upland,1992,158,94.079,1.679,Cessna 185,Ross,2,Swendsen,NA,single,good,no,no
194,Kabetogama,Transect,N_sup_upland,1993,172,94.079,1.828,Husky A1,Evans,1,Swendsen,NA,single,good,yes,no
195,Kabetogama,Transect,N_sup_upland,1994,183,94.079,1.945,Husky A1,Evans,1,Swendsen,NA,single,good,no,no
196,Kabetogama,Transect,N_sup_upland,1995,132,94.079,1.403,Husky A1,Evans,1,Swendsen,NA,single,good,no,no
197,Kabetogama,Transect,N_sup_upland,1996,129,94.079,1.371,Husky A1,Evans,1,Swendsen,NA,single,good,no,no
198,Kabetogama,Transect,N_sup_upland,1997,NA,94.079,NA,NA,NA,NA,NA,NA,NA,NA,NA,NA
199,Kabetogama,Transect,N_sup_upland,1998,89,94.079,0.946,Husky A1,Jespersen,1,Swendsen,NA,single,good,yes,no
200,Kabetogama,Transect,N_sup_upland,1999,93,94.079,0.989,Husky A1,Hablett,1,Swendsen,NA,single,good,yes,no
201,Kabetogama,Transect,N_sup_upland,2000,150,94.079,1.594,Husky A1,Bohman,1,Swendsen,NA,single,good,yes,no
202,Kabetogama,Transect,N_sup_upland,2001,137,94.079,1.456,Husky A1,Hablett,1,Swendsen,NA,single,good,no,no
203,Kabetogama,Transect,N_sup_upland,2002,144,94.079,1.531,Husky A1,Hablett,1,Swendsen,NA,single,good,no,no
204,Kanabec,Waterway,W_sup_upland,1975,51,197.578,0.258,Cessna 172,Engelbrecht,1,Hemness,Tuszynski,double,good,no,no
205,Kanabec,Waterway,W_sup_upland,1976,54,197.578,0.273,Cessna 172,Engelbrecht,1,Hemness,Tuszynski,double,fair,no,no
206,Kanabec,Waterway,W_sup_upland,1977,70,197.578,0.354,Super Cub,Engelbrecht,1,Hemness,NA,single,good,no,no
207,Kanabec,Waterway,W_sup_upland,1978,49,197.578,0.248,Super Cub,Engelbrecht,1,Hemness,NA,single,good,no,no
208,Kanabec,Waterway,W_sup_upland,1979,46,197.578,0.233,Super Cub,Engelbrecht,1,Tuszynski,NA,single,good,no,no
209,Kanabec,Waterway,W_sup_upland,1980,58,197.578,0.294,Super Cub,Engelbrecht,1,Hemness,NA,single,good,no,no
210,Kanabec,Waterway,W_sup_upland,1981,40,197.578,0.202,Super Cub,Engelbrecht,1,Hemness,NA,single,poor,no,no
211,Kanabec,Waterway,W_sup_upland,1982,46,197.578,0.233,Super Cub,Engelbrecht,1,Hemness,NA,single,good,no,no
212,Kanabec,Waterway,W_sup_upland,1983,54,197.578,0.273,Super Cub,Engelbrecht,1,Hemness,NA,single,poor,no,no
213,Kanabec,Waterway,W_sup_upland,1984,44,197.578,0.223,Super Cub,Engelbrecht,1,Hemness,NA,single,fair,no,no
214,Kanabec,Waterway,W_sup_upland,1985,63,197.578,0.319,Super Cub,Engelbrecht,1,Hemness,NA,single,good,no,no
215,Kanabec,Waterway,W_sup_upland,1986,NA,197.578,NA,NA,NA,NA,NA,NA,NA,NA,NA,NA
216,Kanabec,Waterway,W_sup_upland,1987,43,197.578,0.218,Super Cub,Carpenter,1,Hemness,NA,single,NA,yes,no
217,Kanabec,Waterway,W_sup_upland,1988,NA,197.578,NA,NA,NA,NA,NA,NA,NA,NA,NA,NA
218,Kanabec,Waterway,W_sup_upland,1989,78,197.578,0.395,Cessna 185,Stoltman,2,Hemness,Solberg,double,fair,yes,no
219,Kanabec,Waterway,W_sup_upland,1990,67,197.578,0.339,NA,NA,NA,NA,NA,NA,NA,NA,NA
220,Kanabec,Waterway,W_sup_upland,1991,48,197.578,0.243,Cessna 185,Stoltman,2,Hemness,NA,single,fair,no,no
221,Kanabec,Waterway,W_sup_upland,1992,64,197.578,0.324,Cessna 185,Stoltman,2,Hemness,NA,single,good,no,no
223,Kawishiwi,Waterway,N_sup_upland,1977,44,101.875,0.432,Cessna 180,Glaser,1,Thunhorst,NA,single,good,yes,no
224,Kawishiwi,Waterway,N_sup_upland,1978,58,101.875,0.569,Cessna 180,Glaser,1,Thunhorst,NA,single,good,no,no
225,Kawishiwi,Waterway,N_sup_upland,1979,41,101.875,0.402,Cessna 172,Wilderness_wings,1,Thunhorst,NA,single,fair,yes,no
226,Kawishiwi,Waterway,N_sup_upland,1980,45,101.875,0.442,Cessna 172,Magie,1,Thunhorst,NA,single,good,yes,no
227,Kawishiwi,Waterway,N_sup_upland,1981,30,101.875,0.294,Cessna 172,Katauskas,1,Thunhorst,Litchfield,double,good,yes,no
228,Kawishiwi,Waterway,N_sup_upland,1982,43,101.875,0.422,Cessna 185,Ross,2,Thunhorst,Litchfield,double,fair,yes,no
229,Kawishiwi,Waterway,N_sup_upland,1983,39,101.875,0.383,Cessna 185,Ross,2,Thunhorst,Litchfield,double,good,no,no
230,Kawishiwi,Waterway,N_sup_upland,1984,42,101.875,0.412,Cessna 185,Ross,1,Litchfield,Wilson,double,fair,no,no
231,Kawishiwi,Waterway,N_sup_upland,1985,47,101.875,0.461,Cessna 185,Ross,2,Thunhorst,Litchfield,double,fair,no,no
232,Kawishiwi,Waterway,N_sup_upland,1986,NA,101.875,NA,NA,NA,NA,NA,NA,NA,NA,NA,NA
233,Kawishiwi,Waterway,N_sup_upland,1987,62,101.875,0.609,Cessna 185,Ross,2,Thunhorst,Litchfield,double,fair,no,no
234,Kawishiwi,Waterway,N_sup_upland,1988,43,101.875,0.422,Cessna 185,Ross,1,Thunhorst,Litchfield,double,good,no,no
235,Kawishiwi,Waterway,N_sup_upland,1989,NA,101.875,NA,NA,NA,NA,Thunhorst,Litchfield,double,NA,NA,NA
236,Kawishiwi,Waterway,N_sup_upland,1990,48,101.875,0.471,NA,NA,NA,NA,NA,NA,NA,NA,NA
237,Kawishiwi,Waterway,N_sup_upland,1991,62,101.875,0.609,Beaver,McHenry,2,Thunhorst,Litchfield,double,good,yes,no
238,Kawishiwi,Waterway,N_sup_upland,1992,65,101.875,0.638,Cessna 185,Ross,1,Thunhorst,Gessler,double,good,no,no
239,Kooch_north,Transect,Peatlands,1987,106,133.657,0.793,Cessna 185,Ross,NA,Swendsen,Lorette,double,good,yes,yes
240,Kooch_north,Transect,Peatlands,1988,114,133.657,0.853,Cessna 185,Ross,1,Swendsen,Schneeweis,double,good,no,no
241,Kooch_north,Transect,Peatlands,1989,94,133.657,0.703,Cessna 185,Ross,1,Swendsen,Schneeweis,double,fair,no,no
242,Kooch_north,Transect,Peatlands,1990,86,133.657,0.643,NA,NA,NA,NA,NA,NA,NA,NA,NA
243,Kooch_north,Transect,Peatlands,1991,117,133.657,0.875,Cessna 185,Ross,NA,Swendsen,Lorette,double,good,no,no
244,Kooch_north,Transect,Peatlands,1992,133,133.657,0.995,Cessna 185,Ross,2,Swendsen,NA,single,good,no,no
245,Kooch_north,Transect,Peatlands,1993,164,133.657,1.227,Cessna 185,Ross,2,Swendsen,NA,single,good,no,no
246,Kooch_north,Transect,Peatlands,1994,130,133.657,0.973,Cessna 185,Ross,2,Swendsen,NA,single,good,no,no
247,Kooch_north,Transect,Peatlands,1995,135,133.657,1.01,Cessna 185,Erickson,NA,Swendsen,NA,single,good,yes,no
248,Kooch_north,Transect,Peatlands,1996,120,133.657,0.898,Cessna 185,Buchert,2,Swendsen,NA,single,good,yes,no
249,Kooch_north,Transect,Peatlands,1997,105,133.657,0.786,Cessna 185,Buchert,2,Swendsen,NA,single,good,no,no
250,Kooch_north,Transect,Peatlands,1998,74,133.657,0.554,Cessna 185,Coyour,1,Swendsen,NA,single,good,yes,no
251,Kooch_north,Transect,Peatlands,1999,54,133.657,0.404,Cessna 185,Heineman,1,Swendsen,NA,single,good,yes,no
252,Kooch_north,Transect,Peatlands,2000,78,133.657,0.584,Cessna 185,Trenholm,1,Swendsen,NA,single,good,yes,no
253,Kooch_north,Transect,Peatlands,2001,67,133.657,0.501,Cessna 185,Murray,1,Swendsen,NA,single,good,yes,no
254,Kooch_north,Transect,Peatlands,2002,75,133.657,0.561,Cessna 185,Buchert,1,Swendsen,NA,single,good,no,no
255,Northome,Transect,Peatlands,1975,40,98.146,0.408,Super Cub,Barrett,1,Schneeweis,NA,single,fair,no,no
256,Northome,Transect,Peatlands,1976,35,98.146,0.357,Super Cub,Barrett,1,Schneeweis,NA,single,fair,no,no
257,Northome,Transect,Peatlands,1977,49,98.146,0.499,Super Cub,Barrett,1,Schneeweis,NA,single,good,no,no
258,Northome,Transect,Peatlands,1978,49,98.146,0.499,Cessna 150,Barrett,1,Schneeweis,NA,single,good,no,no
259,Northome,Transect,Peatlands,1979,55,98.146,0.56,Cessna 150,Barrett,1,Schneeweis,NA,single,good,no,no
260,Northome,Transect,Peatlands,1980,56,98.146,0.571,Cessna 150,Barrett,1,Schneeweis,NA,single,fair,no,no
261,Northome,Transect,Peatlands,1981,59,98.146,0.601,Cessna 150,Barrett,1,Schneeweis,NA,single,good,no,no
262,Northome,Transect,Peatlands,1982,63,98.146,0.642,Cessna 180,Ross,1,Schneeweis,Swendsen,double,good,yes,no
263,Northome,Transect,Peatlands,1983,69,98.146,0.703,Cessna 185,Ross,1,Schneeweis,Lorette,double,fair,no,no
264,Northome,Transect,Peatlands,1984,89,98.146,0.907,Cessna 185,Ross,1,Schneeweis,Swendsen,double,fair,no,no
265,Northome,Transect,Peatlands,1985,62,98.146,0.632,Cessna 185,Ross,2,Swendsen,Lorette,double,good,no,no
266,Northome,Transect,Peatlands,1986,52,98.146,0.53,Cessna 185,Ross,2,Swendsen,Lorette,double,fair,no,no
267,Northome,Transect,Peatlands,1987,49,98.146,0.499,Cessna 185,Ross,NA,Swendsen,Lorette,double,good,no,no
268,Northome,Transect,Peatlands,1988,50,98.146,0.509,Cessna 185,Ross,1,Swendsen,Lorette,double,good,no,no
269,Northome,Transect,Peatlands,1989,NA,98.146,NA,NA,NA,NA,NA,NA,NA,NA,NA,NA
270,Northome,Transect,Peatlands,1990,74,98.146,0.754,NA,NA,NA,NA,NA,NA,NA,NA,NA
271,Northome,Transect,Peatlands,1991,51,98.146,0.52,Cessna 185,Ross,1,Swendsen,Peterson,double,fair,no,no
272,Northome,Transect,Peatlands,1992,70,98.146,0.713,Cessna 185,Ross,2,Swendsen,NA,single,good,no,no
273,Red_lake,Mixed,Peatlands,1975,107,336.233,0.318,Cessna 180,Parker,2,Bernhoft,NA,single,good,no,no
274,Red_lake,Mixed,Peatlands,1976,92,336.233,0.274,Cessna 180,Parker,2,Bernhoft,NA,single,fair,no,no
275,Red_lake,Mixed,Peatlands,1977,132,336.233,0.393,Cessna 180,Parker,1,Bernhoft,NA,single,fair,no,no
276,Red_lake,Mixed,Peatlands,1978,91,336.233,0.271,Cessna 180,Parker,1,Bernhoft,NA,single,good,no,no
277,Red_lake,Mixed,Peatlands,1979,151,336.233,0.449,Cessna 182,Einarson,2,Bernhoft,NA,single,fair,yes,no
278,Red_lake,Mixed,Peatlands,1980,83,336.233,0.247,Cessna 185,Parker,1,Bernhoft,NA,single,fair,no,no
279,Red_lake,Mixed,Peatlands,1981,85,336.233,0.253,Cessna 185,Parker,1,Bernhoft,NA,single,fair,no,no
280,Red_lake,Mixed,Peatlands,1982,103,336.233,0.306,Cessna 185,Peterson,1,Breyen,Killian,double,good,yes,no
281,Red_lake,Mixed,Peatlands,1983,81,336.233,0.241,Cessna 185,Peterson,2,Breyen,NA,single,good,no,no
282,Red_lake,Mixed,Peatlands,1984,NA,336.233,NA,NA,NA,NA,NA,NA,NA,NA,NA,NA
283,Red_lake,Mixed,Peatlands,1985,NA,336.233,NA,NA,NA,NA,NA,NA,NA,NA,NA,NA
284,Red_lake,Mixed,Peatlands,1986,NA,336.233,NA,NA,NA,NA,NA,NA,NA,NA,NA,NA
285,Red_lake,Mixed,Peatlands,1987,76,336.233,0.226,Super Cub,Hanson,1,Haws,NA,single,fair,yes,yes
286,Red_lake,Mixed,Peatlands,1988,62,336.233,0.184,Super Cub,Hanson,1,Haws,NA,single,poor,no,no
287,Red_lake,Mixed,Peatlands,1989,74,336.233,0.22,Cessna 185,Peterson,1,Haws,Dittrich,double,good,no,no
288,Red_lake,Mixed,Peatlands,1990,68,336.233,0.202,NA,NA,NA,NA,NA,NA,NA,NA,NA
289,Red_lake,Mixed,Peatlands,1991,106,336.233,0.315,Cessna 185,Peterson,1,Haws,NA,single,fair,no,no
290,Red_lake,Mixed,Peatlands,1992,115,336.233,0.342,Cessna 185,Peterson,1,Haws,NA,single,fair,no,no
291,S_st_louis,Mixed,N_sup_upland,1975,85,189.364,0.449,Cessna 180,Hodge,2,Breyen,NA,single,good,no,no
292,S_st_louis,Mixed,N_sup_upland,1976,72,189.364,0.38,Cessna 172,Wilderness_wings,1,Breyen,NA,single,good,yes,no
293,S_st_louis,Mixed,N_sup_upland,1977,90,189.364,0.475,Cessna 160,Wilderness_wings,1,Breyen,NA,single,good,no,no
294,S_st_louis,Mixed,N_sup_upland,1978,103,189.364,0.544,Cessna 172,Wilderness_wings,1,Breyen,NA,single,good,no,no
295,S_st_louis,Mixed,N_sup_upland,1979,NA,189.364,NA,NA,NA,NA,NA,NA,NA,NA,NA,NA
296,S_st_louis,Mixed,N_sup_upland,1980,75,189.364,0.396,Cessna 185,Glaser,2,Breyen,NA,single,good,yes,no
297,S_st_louis,Mixed,N_sup_upland,1981,91,189.364,0.481,Cessna 150,Taconite,1,Breyen,NA,single,good,yes,no
298,S_st_louis,Mixed,N_sup_upland,1982,NA,189.364,NA,NA,NA,NA,NA,NA,NA,NA,NA,NA
299,S_st_louis,Mixed,N_sup_upland,1983,73,189.364,0.386,Cessna 182,Ross,2,Staffon,NA,single,fair,yes,yes
300,S_st_louis,Mixed,N_sup_upland,1984,64,189.364,0.338,Cessna 185,Ross,2,Engel,NA,single,good,no,yes
301,S_st_louis,Mixed,N_sup_upland,1985,37,189.364,0.195,Cessna 185,Ross,2,Engel,NA,single,good,no,no
302,S_st_louis,Mixed,N_sup_upland,1986,NA,189.364,NA,NA,NA,NA,NA,NA,NA,NA,NA,NA
303,S_st_louis,Mixed,N_sup_upland,1987,60,189.364,0.317,Cessna 185,Ross,2,Ramsdon,Worm,double,fair,no,yes
304,S_st_louis,Mixed,N_sup_upland,1988,72,189.364,0.38,Cessna 185,Ross,2,Staffon,NA,single,fair,no,no
305,S_st_louis,Mixed,N_sup_upland,1989,NA,189.364,NA,NA,NA,NA,NA,NA,NA,NA,NA,NA
306,S_st_louis,Mixed,N_sup_upland,1990,103,189.364,0.544,NA,NA,NA,NA,NA,NA,NA,NA,NA
307,S_st_louis,Mixed,N_sup_upland,1991,151,189.364,0.797,Super Cub,Erickson,1,Staffon,NA,single,good,yes,no
308,S_st_louis,Mixed,N_sup_upland,1992,97,189.364,0.512,Cessna 152,Ross,1,Staffon,NA,single,good,no,no
309,S_st_louis,Mixed,N_sup_upland,1993,78,189.364,0.412,Cessna 152,Ross,2,Staffon,NA,single,fair,no,no
310,S_st_louis,Mixed,N_sup_upland,1994,64,189.364,0.338,Cessna 152,Ross,2,Staffon,NA,single,good,no,no
311,S_st_louis,Mixed,N_sup_upland,1995,87,189.364,0.459,Cessna 185,Erickson,2,Staffon,NA,single,good,no,no
312,S_st_louis,Mixed,N_sup_upland,1996,72,189.364,0.38,NA,Buchert,2,Staffon,NA,single,good,yes,no
313,S_st_louis,Mixed,N_sup_upland,1997,99,189.364,0.523,Cessna 185,Buchert,2,Worm,NA,single,good,no,yes
314,S_st_louis,Mixed,N_sup_upland,1998,70,189.364,0.37,Cessna 185,Stoltman,2,Staffon,NA,single,good,yes,no
315,S_st_louis,Mixed,N_sup_upland,1999,65,189.364,0.343,Cessna 182,Stoltman,2,Staffon,NA,single,good,no,no
316,S_st_louis,Mixed,N_sup_upland,2000,NA,189.364,NA,NA,NA,NA,NA,NA,NA,NA,NA,NA
317,S_st_louis,Mixed,N_sup_upland,2001,82,189.364,0.433,Cessna 185,Trenholm,2,Staffon,NA,single,good,yes,no
318,Southern_pine,Mixed,W_sup_upland,1975,126,318.667,0.395,Cessna 172,Engelbrecht,1,Hemness,Tuszynski,double,good,no,no
319,Southern_pine,Mixed,W_sup_upland,1976,122,318.667,0.383,Cessna 172,Engelbrecht,1,Hemness,Tuszynski,double,fair,no,no
320,Southern_pine,Mixed,W_sup_upland,1977,NA,318.667,NA,NA,NA,NA,NA,NA,NA,NA,NA,NA
321,Southern_pine,Mixed,W_sup_upland,1978,102,318.667,0.32,Super Cub,Engelbrecht,1,Hemness,NA,single,poor,no,no
322,Southern_pine,Mixed,W_sup_upland,1979,121,318.667,0.38,Super Cub,Engelbrecht,1,Tuszynski,NA,single,good,no,no
323,Southern_pine,Mixed,W_sup_upland,1980,129,318.667,0.405,Super Cub,Engelbrecht,1,Hemness,NA,single,good,no,no
324,Southern_pine,Mixed,W_sup_upland,1981,80,318.667,0.251,Super Cub,Engelbrecht,1,Hemness,NA,single,poor,no,no
325,Southern_pine,Mixed,W_sup_upland,1982,105,318.667,0.329,Super Cub,Engelbrecht,1,Hemness,NA,single,poor,no,no
326,Southern_pine,Mixed,W_sup_upland,1983,95,318.667,0.298,Super Cub,Engelbrecht,1,Hemness,NA,single,poor,no,no
327,Southern_pine,Mixed,W_sup_upland,1984,100,318.667,0.314,Super Cub,Engelbrecht,1,Hemness,NA,single,fair,no,no
328,Southern_pine,Mixed,W_sup_upland,1985,118,318.667,0.37,Super Cub,Engelbrecht,1,Hemness,NA,single,good,no,no
329,Southern_pine,Mixed,W_sup_upland,1986,NA,318.667,NA,NA,NA,NA,NA,NA,NA,NA,NA,NA
330,Southern_pine,Mixed,W_sup_upland,1987,NA,318.667,NA,NA,NA,NA,NA,NA,NA,NA,NA,NA
331,Southern_pine,Mixed,W_sup_upland,1988,NA,318.667,NA,NA,NA,NA,NA,NA,NA,NA,NA,NA
332,Southern_pine,Mixed,W_sup_upland,1989,142,318.667,0.446,Cessna 185,Stoltman,2,Hemness,Solberg,double,fair,yes,no
333,Southern_pine,Mixed,W_sup_upland,1990,128,318.667,0.402,NA,NA,NA,NA,NA,NA,NA,NA,NA
334,Southern_pine,Mixed,W_sup_upland,1991,123,318.667,0.386,Cessna 185,Stoltman,2,Hemness,NA,single,fair,no,no
335,Southern_pine,Mixed,W_sup_upland,1992,159,318.667,0.499,Cessna 185,Stoltman,2,Hemness,NA,single,good,no,no
336,Southern_pine,Mixed,W_sup_upland,1993,118,318.667,0.37,Cessna 185,Stoltman,1,Hemness,NA,single,fair,no,no
337,Southern_pine,Mixed,W_sup_upland,1994,101,318.667,0.317,Cessna 185,Stoltman,NA,Hemness,Carlos,double,fair,no,no
338,Southern_pine,Mixed,W_sup_upland,1995,93,318.667,0.292,Cessna 185,Stoltman,NA,Hemness,Lueth,double,poor,no,no
339,Southern_pine,Mixed,W_sup_upland,1996,115,318.667,0.361,Cessna 185,Stoltman,2,Hemness,Lueth,double,good,no,no
340,Southern_pine,Mixed,W_sup_upland,1997,103,318.667,0.323,Cessna 185,Stoltman,2,Hemness,Utech,double,good,no,no
341,Southern_pine,Mixed,W_sup_upland,1998,101,318.667,0.317,Cessna 185,Stoltman,1,Hemness,Lueth,double,fair,no,no
342,Southern_pine,Mixed,W_sup_upland,1999,91,318.667,0.286,Cessna 185,Stoltman,1,Hemness,Lueth,double,fair,no,no
343,Southern_pine,Mixed,W_sup_upland,2000,89,318.667,0.279,Cessna 185,Stoltman,1,Hemness,NA,single,good,no,no
344,Southern_pine,Mixed,W_sup_upland,2001,69,318.667,0.217,Cessna 185,Trenholm,1,Pauly,NA,single,good,yes,yes
345,West_vermillion,Mixed,Peatlands,1975,78,135.763,0.575,Cessna 180,Hodge,2,Breyen,NA,single,good,no,no
346,West_vermillion,Mixed,Peatlands,1976,45,135.763,0.331,Cessna 172,Wilderness_wings,1,Breyen,NA,single,good,yes,no
347,West_vermillion,Mixed,Peatlands,1977,86,135.763,0.633,Cessna 172,Wilderness_wings,1,Breyen,NA,single,good,no,no
348,West_vermillion,Mixed,Peatlands,1978,104,135.763,0.766,Cessna 180,Glaser,1,Breyen,NA,single,good,yes,no
349,West_vermillion,Mixed,Peatlands,1979,93,135.763,0.685,Cessna 172,Wilderness_wings,1,Breyen,Kanz,double,good,no,no
350,West_vermillion,Mixed,Peatlands,1980,80,135.763,0.589,Cessna 150,Ross,1,Breyen,NA,single,good,yes,no
351,West_vermillion,Mixed,Peatlands,1981,87,135.763,0.641,Cessna 150,Taconite,1,Breyen,NA,single,good,yes,no
352,West_vermillion,Mixed,Peatlands,1982,71,135.763,0.523,Cessna 185,Ross,1,Lightfoot,NA,single,good,no,yes
353,West_vermillion,Mixed,Peatlands,1983,28,135.763,0.206,Cessna 172,Taconite,1,Lightfoot,NA,single,good,no,no
354,West_vermillion,Mixed,Peatlands,1984,89,135.763,0.656,Cessna 185,Ross,1,Lightfoot,NA,single,good,no,no
355,West_vermillion,Mixed,Peatlands,1985,61,135.763,0.449,Cessna 185,Ross,1,Lightfoot,NA,single,NA,no,no
356,West_vermillion,Mixed,Peatlands,1986,79,135.763,0.582,Cessna 185,Ross,1,Lightfoot,Fouchi,double,good,no,no
357,West_vermillion,Mixed,Peatlands,1987,66,135.763,0.486,Cessna 185,Ross,2,Lightfoot,Caron,double,good,no,no
358,West_vermillion,Mixed,Peatlands,1988,72,135.763,0.53,Cessna 185,Ross,NA,Lightfoot,Kotts,double,fair,no,no
359,West_vermillion,Mixed,Peatlands,1989,NA,135.763,NA,NA,NA,NA,NA,NA,NA,NA,NA,NA
360,West_vermillion,Mixed,Peatlands,1990,107,135.763,0.788,NA,NA,NA,NA,NA,NA,NA,NA,NA
361,West_vermillion,Mixed,Peatlands,1991,NA,135.763,NA,NA,NA,NA,NA,NA,NA,NA,NA,NA
362,West_vermillion,Mixed,Peatlands,1992,104,135.763,0.766,Cessna 185,Ross,NA,Lightfoot,NA,single,good,no,no
